type,index,label,R1,R2,R,RI1,RI2,RI,jstar,jstar_weighted
line,0,Line 0,1,1.4,2.4,1,1,1,Gen 0,0.1
line,1,Line 1,0,1.4,1.4,0,1,0.583333,Gen 0,0.1
line,2,Line 2,0,1.4,1.4,0,1,0.583333,Gen 0,0.1
line,3,Line 3,1,1.4,2.4,1,1,1,Gen 0,0.1
line,4,Line 4,0,1.4,1.4,0,1,0.583333,Gen 0,0.1
line,5,Line 5,0,1.4,1.4,0,1,0.583333,Gen 0,0.1
line,6,Line 6,1,1.4,2.4,1,1,1,Gen 0,0.1
line,7,Line 7,1,1.4,2.4,1,1,1,Gen 0,0.1
line,8,Line 8,0,1.4,1.4,0,1,0.583333,Gen 0,0.1
generator,0,Gen 0,1,1.3,2.3,1,0.928571,0.958333,Gen 1,0.1
generator,1,Gen 1,1,1.3,2.3,1,0.928571,0.958333,Gen 0,0.1
generator,2,Gen 2,1,1.3,2.3,1,0.928571,0.958333,Gen 0,0.1
